method,gaussian_std,seed,sample_rate_hz,duration_s,low_cutoff_hz,high_cutoff_hz,line_frequency_hz,filter_order,snr_before_db,snr_after_db,snr_change_db,rmse_before,rmse_after,correlation_before,correlation_after
lowpass,0.2,11,1000.0,5.0,1.0,45.0,50.0,4,10.896727978185092,17.278837220257756,6.382109242072664,0.23345382954932362,0.11196841754249343,0.962135869148426,0.9909935717726776
bandpass,0.2,11,1000.0,5.0,1.0,45.0,50.0,4,10.896727978185092,16.35680356052194,5.460075582336847,0.23345382954932362,0.12450799034323545,0.962135869148426,0.9885389956311605
notch,0.2,11,1000.0,5.0,1.0,45.0,50.0,4,10.896727978185092,11.803987431540378,0.9072594533552856,0.23345382954932362,0.21029939814060422,0.962135869148426,0.968986880915775
combined,0.2,11,1000.0,5.0,1.0,45.0,50.0,4,10.896727978185092,16.129069875864314,5.2323418976792215,0.23345382954932362,0.12781561309606762,0.962135869148426,0.9879173522901493
lowpass,0.2,23,1000.0,5.0,1.0,45.0,50.0,4,10.766955402056004,17.384363961914982,6.617408559858978,0.23696796077619853,0.11061631924961249,0.9608705971133691,0.9912837561673902
bandpass,0.2,23,1000.0,5.0,1.0,45.0,50.0,4,10.766955402056004,16.931981768702894,6.16502636664689,0.23696796077619853,0.1165301519931252,0.9608705971133691,0.9898946424453483
notch,0.2,23,1000.0,5.0,1.0,45.0,50.0,4,10.766955402056004,11.747424362999983,0.9804689609439787,0.23696796077619853,0.21167335003987392,0.9608705971133691,0.9684610530356703
combined,0.2,23,1000.0,5.0,1.0,45.0,50.0,4,10.766955402056004,16.866360814829573,6.099405412773569,0.23696796077619853,0.11741385859948243,0.9608705971133691,0.9897335315089205
lowpass,0.2,37,1000.0,5.0,1.0,45.0,50.0,4,10.706188080520443,17.345504161882516,6.6393160813620735,0.23863162427131168,0.11111231426838228,0.9605607388718829,0.9909694382776988
bandpass,0.2,37,1000.0,5.0,1.0,45.0,50.0,4,10.706188080520443,16.627509243616842,5.921321163096399,0.23863162427131168,0.1206874021944309,0.9605607388718829,0.9892318982746584
notch,0.2,37,1000.0,5.0,1.0,45.0,50.0,4,10.706188080520443,11.650189094316206,0.9440010137957628,0.23863162427131168,0.2140562666486215,0.9605607388718829,0.9679093889115533
combined,0.2,37,1000.0,5.0,1.0,45.0,50.0,4,10.706188080520443,16.487288747212844,5.781100666692401,0.23863162427131168,0.12265152826752866,0.9605607388718829,0.9888749172542292
lowpass,0.2,41,1000.0,5.0,1.0,45.0,50.0,4,10.862722950286713,17.30794372639824,6.445220776111526,0.23436958652177958,0.11159383817579537,0.9619412341872188,0.9909599537421568
bandpass,0.2,41,1000.0,5.0,1.0,45.0,50.0,4,10.862722950286713,14.478071971081823,3.61534902079511,0.23436958652177958,0.15457305939161783,0.9619412341872188,0.9826845780307806
notch,0.2,41,1000.0,5.0,1.0,45.0,50.0,4,10.862722950286713,11.853485357768676,0.990762407481963,0.23436958652177958,0.20910438173806545,0.9619412341872188,0.9693759049578288
combined,0.2,41,1000.0,5.0,1.0,45.0,50.0,4,10.862722950286713,14.503346237630652,3.6406232873439386,0.23436958652177958,0.1541239352980184,0.9619412341872188,0.9827640816320884
lowpass,0.2,53,1000.0,5.0,1.0,45.0,50.0,4,10.730092684909774,17.20119952877421,6.471106843864437,0.23797578446453896,0.11297371882078965,0.9602183552875914,0.990770424953092
bandpass,0.2,53,1000.0,5.0,1.0,45.0,50.0,4,10.730092684909774,15.697979497933396,4.967886813023622,0.23797578446453896,0.1343193020496947,0.9602183552875914,0.9866352984968162
notch,0.2,53,1000.0,5.0,1.0,45.0,50.0,4,10.730092684909774,11.684347762893452,0.954255077983678,0.23797578446453896,0.21321610880278977,0.9602183552875914,0.9677227936834933
combined,0.2,53,1000.0,5.0,1.0,45.0,50.0,4,10.730092684909774,15.612059108311252,4.881966423401478,0.23797578446453896,0.13565457526566074,0.9602183552875914,0.9863575718087069
lowpass,0.4,11,1000.0,5.0,1.0,45.0,50.0,4,5.888885592139626,14.67414933893701,8.785263746797384,0.41552113803967244,0.15112278010164176,0.8926946599163749,0.9834194470679166
bandpass,0.4,11,1000.0,5.0,1.0,45.0,50.0,4,5.888885592139626,13.874038862864147,7.9851532707245205,0.41552113803967244,0.165704940914359,0.8926946599163749,0.9798768220896538
notch,0.4,11,1000.0,5.0,1.0,45.0,50.0,4,5.888885592139626,6.151457338081585,0.2625717459419583,0.41552113803967244,0.4031480230418156,0.8926946599163749,0.898007126535267
combined,0.4,11,1000.0,5.0,1.0,45.0,50.0,4,5.888885592139626,13.551307193910214,7.662421601770587,0.41552113803967244,0.17197766245285565,0.8926946599163749,0.9783731781815995
lowpass,0.4,23,1000.0,5.0,1.0,45.0,50.0,4,5.794379274999906,14.91382259632239,9.119443321322485,0.42006687659726527,0.1470097948499249,0.889686118428006,0.9843618640417492
bandpass,0.4,23,1000.0,5.0,1.0,45.0,50.0,4,5.794379274999906,14.494728516409193,8.700349241409288,0.42006687659726527,0.15427692552330033,0.889686118428006,0.9822887060065919
notch,0.4,23,1000.0,5.0,1.0,45.0,50.0,4,5.794379274999906,6.107924701473225,0.3135454264733193,0.42006687659726527,0.40517362435309645,0.889686118428006,0.8961492482302786
combined,0.4,23,1000.0,5.0,1.0,45.0,50.0,4,5.794379274999906,14.391453261702896,8.597073986702991,0.42006687659726527,0.15612222722775337,0.889686118428006,0.9818629160179033
lowpass,0.4,37,1000.0,5.0,1.0,45.0,50.0,4,5.693884047593455,14.883978651827583,9.190094604234128,0.4249552499827277,0.14751577618939316,0.8892822142211589,0.9839957741431995
bandpass,0.4,37,1000.0,5.0,1.0,45.0,50.0,4,5.693884047593455,14.220010519716055,8.5261264721226,0.4249552499827277,0.159234392510801,0.8892822142211589,0.9814981167471152
notch,0.4,37,1000.0,5.0,1.0,45.0,50.0,4,5.693884047593455,5.986022389875176,0.29213834228172075,0.4249552499827277,0.41090013302127504,0.8892822142211589,0.8953218234367889
combined,0.4,37,1000.0,5.0,1.0,45.0,50.0,4,5.693884047593455,14.022992535677528,8.329108488084072,0.4249552499827277,0.16288750629098536,0.8892822142211589,0.9806640361256171
lowpass,0.4,41,1000.0,5.0,1.0,45.0,50.0,4,5.92428278698805,14.933536011097448,9.009253224109399,0.4138312301563461,0.14667652111997137,0.8941716734838429,0.9842761581944092
bandpass,0.4,41,1000.0,5.0,1.0,45.0,50.0,4,5.92428278698805,11.626514886867213,5.702232099879163,0.4138312301563461,0.21464049291435358,0.8941716734838429,0.9677624039967998
notch,0.4,41,1000.0,5.0,1.0,45.0,50.0,4,5.92428278698805,6.230812766807475,0.306529979819425,0.4138312301563461,0.39948158378324405,0.8941716734838429,0.900258803225866
combined,0.4,41,1000.0,5.0,1.0,45.0,50.0,4,5.92428278698805,11.655436297852175,5.731153510864125,0.4138312301563461,0.21392699288979738,0.8941716734838429,0.967928534673981
lowpass,0.4,53,1000.0,5.0,1.0,45.0,50.0,4,5.766856162755522,14.80745185493284,9.040595692177318,0.4214000601015052,0.1488212022315538,0.8877631941696241,0.9836592556477155
bandpass,0.4,53,1000.0,5.0,1.0,45.0,50.0,4,5.766856162755522,13.223685325355003,7.456829162599481,0.4214000601015052,0.17858835423284017,0.8877631941696241,0.9764580370609341
notch,0.4,53,1000.0,5.0,1.0,45.0,50.0,4,5.766856162755522,6.067433402634651,0.30057723987912954,0.4214000601015052,0.407066845046953,0.8877631941696241,0.8940553968108522
combined,0.4,53,1000.0,5.0,1.0,45.0,50.0,4,5.766856162755522,13.100553034943408,7.333696872187886,0.4214000601015052,0.18113807563770387,0.8877631941696241,0.9757854909098379
lowpass,0.6,11,1000.0,5.0,1.0,45.0,50.0,4,2.5702717325829645,12.196541435553875,9.62626970297091,0.6088689324309621,0.201006605540377,0.804245039897036,0.9709310326715839
bandpass,0.6,11,1000.0,5.0,1.0,45.0,50.0,4,2.5702717325829645,11.476231253883473,8.905959521300508,0.6088689324309621,0.2183865254339329,0.804245039897036,0.9658131829762308
notch,0.6,11,1000.0,5.0,1.0,45.0,50.0,4,2.5702717325829645,2.698247230751696,0.12797549816873133,0.6088689324309621,0.5999637898509069,0.804245039897036,0.8082984024281523
combined,0.6,11,1000.0,5.0,1.0,45.0,50.0,4,2.5702717325829645,11.162817860404605,8.59254612782164,0.6088689324309621,0.22641047108270282,0.804245039897036,0.9634282661906262
lowpass,0.6,23,1000.0,5.0,1.0,45.0,50.0,4,2.495525159491719,12.50565050665059,10.01012534715887,0.6141311742122006,0.1939790714156608,0.7993315958711112,0.9727343130935605
bandpass,0.6,23,1000.0,5.0,1.0,45.0,50.0,4,2.495525159491719,11.977748721330322,9.482223561838602,0.6141311742122006,0.20613415877742663,0.7993315958711112,0.9688227111822594
notch,0.6,23,1000.0,5.0,1.0,45.0,50.0,4,2.495525159491719,2.6601356940652554,0.16461053457353625,0.6141311742122006,0.6026020664771693,0.7993315958711112,0.8045999505745857
combined,0.6,23,1000.0,5.0,1.0,45.0,50.0,4,2.495525159491719,11.89510163855287,9.39957647906115,0.6141311742122006,0.20810490635973086,0.7993315958711112,0.9682331811027354
lowpass,0.6,37,1000.0,5.0,1.0,45.0,50.0,4,2.381666688092554,12.492150901424889,10.110484213332334,0.6222344712056335,0.19428078799221998,0.7999935970285108,0.9727326834585329
bandpass,0.6,37,1000.0,5.0,1.0,45.0,50.0,4,2.381666688092554,11.806973478955152,9.425306790862598,0.6222344712056335,0.21022711354207654,0.7999935970285108,0.9686158926211244
notch,0.6,37,1000.0,5.0,1.0,45.0,50.0,4,2.381666688092554,2.5308062095609243,0.14913952146837017,0.6222344712056335,0.6116417058504584,0.7999935970285108,0.8047789620586908
combined,0.6,37,1000.0,5.0,1.0,45.0,50.0,4,2.381666688092554,11.63221889073139,9.250552202638836,0.6222344712056335,0.2144995852653826,0.7999935970285108,0.9674036190668828
lowpass,0.6,41,1000.0,5.0,1.0,45.0,50.0,4,2.635065140583995,12.616146636499563,9.981081495915568,0.6043439020119044,0.19152702796728982,0.8082500732246656,0.9735548790719818
bandpass,0.6,41,1000.0,5.0,1.0,45.0,50.0,4,2.635065140583995,9.31990669403541,6.684841553451415,0.6043439020119044,0.27992524478003233,0.8082500732246656,0.9476374462051151
notch,0.6,41,1000.0,5.0,1.0,45.0,50.0,4,2.635065140583995,2.7875338509120957,0.1524687103281006,0.6043439020119044,0.5938280510546152,0.8082500732246656,0.8129645495348415
combined,0.6,41,1000.0,5.0,1.0,45.0,50.0,4,2.635065140583995,9.363532553327342,6.728467412743347,0.6043439020119044,0.2785228135832634,0.8082500732246656,0.9480526439655603
lowpass,0.6,53,1000.0,5.0,1.0,45.0,50.0,4,2.4733635805767302,12.502611663379996,10.029248082803266,0.6157000974387762,0.19404694876025838,0.7956862334936629,0.9720779845107377
bandpass,0.6,53,1000.0,5.0,1.0,45.0,50.0,4,2.4733635805767302,10.986849470099898,8.513485889523167,0.6157000974387762,0.23104412399407326,0.7956862334936629,0.9611576031117878
notch,0.6,53,1000.0,5.0,1.0,45.0,50.0,4,2.4733635805767302,2.6285960101098653,0.1552324295331351,0.6157000974387762,0.6047941766502238,0.7956862334936629,0.8007378498592929
combined,0.6,53,1000.0,5.0,1.0,45.0,50.0,4,2.4733635805767302,10.875339562206266,8.401975981629535,0.6157000974387762,0.23402940218423798,0.7956862334936629,0.9601865207666649
