method,gaussian_std,repeats,mean_snr_before_db,mean_snr_after_db,sd_snr_after_db,mean_snr_change_db,mean_rmse_before,mean_rmse_after,sd_rmse_after,mean_correlation_before,mean_correlation_after,sd_correlation_after
lowpass,0.2,5,10.792537419191605,17.30356971984554,0.06963600266688792,6.511032300653936,0.23627975711663046,0.11165292161141464,0.0008964282680475552,0.9611453589216976,0.9909954289826031,0.00018418525825804558
bandpass,0.2,5,10.792537419191605,16.01846920837138,0.9740947591746777,5.225931789179773,0.23627975711663046,0.13012358119442083,0.015171838301512742,0.9611453589216976,0.9873970825757528,0.002902427150101282
notch,0.2,5,10.792537419191605,11.74788680190374,0.08348742576331059,0.9553493827121337,0.23627975711663046,0.21166990107399097,0.0020338189843969626,0.9611453589216976,0.9684912043008641,0.0006996898745020915
combined,0.2,5,10.792537419191605,15.919624956769727,0.9169051613273996,5.127087537578122,0.23627975711663046,0.13153190210535157,0.014312471779002061,0.9611453589216976,0.9871294908988189,0.002743215420856709
lowpass,0.4,5,5.813657572895312,14.842587690623454,0.10567074538975124,9.028930117728143,0.41915491097550334,0.148229214898497,0.0018117675488131338,0.8907195720438014,0.983942499818998,0.00040119940721671253
bandpass,0.4,5,5.813657572895312,13.487795622242322,1.1438265357085624,7.674138049347011,0.41915491097550334,0.17448902121913082,0.02422466607972467,0.8907195720438014,0.9775768171802189,0.005925430032475314
notch,0.4,5,5.813657572895312,6.108730119774422,0.091505522255563,0.29507254687911055,0.41915491097550334,0.40515404184927684,0.004268420529633894,0.8907195720438014,0.8967584796478105,0.002426581186200027
combined,0.4,5,5.813657572895312,13.344348464817244,1.0620356238696222,7.530690891921933,0.41915491097550334,0.17721049289981913,0.022587456068668566,0.8907195720438014,0.9769228311817878,0.005538399398837162
lowpass,0.6,5,2.5111784602655924,12.462620228701782,0.15707582751157934,9.95144176843619,0.6130557154598953,0.1949680883351612,0.003556811101181073,0.8015013079029973,0.9724061785612793,0.0009769285174963428
bandpass,0.6,5,2.5111784602655924,11.11354192366085,1.071496917402954,8.602363463395259,0.6130557154598953,0.22914343330550832,0.029938979342933044,0.8015013079029973,0.9624093672193035,0.008817801084851322
notch,0.6,5,2.5111784602655924,2.6610637990799675,0.09407356154646249,0.14988533881437469,0.6130557154598953,0.6025659579766748,0.006527973615196127,0.8015013079029973,0.8062759428911126,0.004597504151718727
combined,0.6,5,2.5111784602655924,10.985802101044495,0.9899463813637706,8.474623640778901,0.6130557154598953,0.23231343569506355,0.02773302317063502,0.8015013079029973,0.9614608462184939,0.008161733934516595
